-- ============================================================================
-- Dev Seed Data — ข้อมูลจำลองสำหรับ local development
-- ============================================================================

-- องค์กร
INSERT INTO organization (org_id, org_code, org_name) VALUES
(1, 'MOJ',  'สำนักงานปลัดกระทรวงยุติธรรม'),
(2, 'DOC',  'กรมราชทัณฑ์'),
(3, 'DSI',  'กรมสอบสวนคดีพิเศษ'),
(4, 'DOP',  'กรมคุมประพฤติ'),
(5, 'DJOP', 'กรมพินิจและคุ้มครองเด็กและเยาวชน');

-- ตำแหน่ง
INSERT INTO `position` (position_id, position_code, position_name, position_level) VALUES
(1,  'K1-01', 'นักวิเคราะห์นโยบายและแผน',    'K1'),
(2,  'K2-01', 'นักวิเคราะห์นโยบายและแผน',    'K2'),
(3,  'K3-01', 'นักวิเคราะห์นโยบายและแผน',    'K3'),
(4,  'O1-01', 'เจ้าพนักงานธุรการ',            'O1'),
(5,  'O2-01', 'เจ้าพนักงานธุรการ',            'O2'),
(6,  'K1-02', 'นิติกร',                        'K1'),
(7,  'K2-02', 'นิติกร',                        'K2'),
(8,  'K1-03', 'นักทรัพยากรบุคคล',              'K1'),
(9,  'K2-03', 'นักทรัพยากรบุคคล',              'K2'),
(10, 'K3-02', 'นักทรัพยากรบุคคล',              'K3'),
(11, 'D1-01', 'ผู้อำนวยการ',                    'D1'),
(12, 'M2-01', 'ผู้ตรวจราชการกระทรวง',          'M2');

-- บุคลากร (15 คน + คอลัมน์ใหม่)
INSERT INTO personnel (
  personnel_id, citizen_id, prefix, first_name, last_name, gender, birth_date, hire_date,
  current_position_id, current_org_id, current_level_code, salary, is_active,
  rank_name, position_type, position_level_name, salary_5y, position_allowance,
  position_level_start_date, position_start_date, begin_pos_level, begin_pos_name,
  retirement_date, personnel_type, position_code, org_name,
  discipline_status, discipline_detail
) VALUES
(1,  '1100100000001', 'นาย',    'สมชาย',    'รักดี',       'ชาย',   '1980-03-15', '2005-10-01', 2, 1, 'K2', 25000.00, 1,
  NULL, 'วิชาการ', 'ชำนาญการ', 18500.00, 0, '2019-04-01', '2015-10-01', 'K1', 'นักวิเคราะห์นโยบายและแผน',
  '2040-09-30', 'ข้าราชการ', '512403', 'ราชการส่วนกลาง', NULL, NULL),

(2,  '1100100000002', 'นาง',    'สมหญิง',   'ใจดี',        'หญิง',  '1982-07-20', '2007-04-01', 3, 1, 'K3', 35000.00, 1,
  NULL, 'วิชาการ', 'ชำนาญการพิเศษ', 28000.00, 3500, '2020-07-15', '2017-04-01', 'K1', 'นักวิเคราะห์นโยบายและแผน',
  '2042-09-30', 'ข้าราชการ', '512403', 'ราชการส่วนกลาง', NULL, NULL),

(3,  '1100100000003', 'นาย',    'วิชัย',     'มั่นคง',     'ชาย',   '1985-01-10', '2010-06-01', 1, 2, 'K1', 18000.00, 1,
  NULL, 'วิชาการ', 'ปฏิบัติการ', 15000.00, 0, '2010-06-01', '2010-06-01', 'K1', 'นักวิเคราะห์นโยบายและแผน',
  '2045-09-30', 'ข้าราชการ', '512403', 'กรมราชทัณฑ์', NULL, NULL),

(4,  '1100100000004', 'นางสาว', 'พรทิพย์',  'สว่างใจ',     'หญิง',  '1978-11-05', '2003-01-15', 5, 2, 'O2', 28000.00, 1,
  NULL, 'ทั่วไป', 'ชำนาญงาน', 22000.00, 0, '2015-03-01', '2012-01-15', 'O1', 'เจ้าพนักงานธุรการ',
  '2038-09-30', 'ข้าราชการ', '511612', 'กรมราชทัณฑ์', NULL, NULL),

(5,  '1100100000005', 'นาย',    'ประเสริฐ', 'แสนดี',       'ชาย',   '1975-06-22', '2000-03-01', 10, 1, 'K3', 42000.00, 1,
  NULL, 'วิชาการ', 'ชำนาญการพิเศษ', 35000.00, 3500, '2018-01-15', '2014-03-01', 'K1', 'นักทรัพยากรบุคคล',
  '2035-09-30', 'ข้าราชการ', '512403', 'ราชการส่วนกลาง', NULL, NULL),

(6,  '1100100000006', 'นาง',    'สุดา',     'มีสุข',       'หญิง',  '1983-09-18', '2008-09-01', 6, 3, 'K1', 20000.00, 1,
  NULL, 'วิชาการ', 'ปฏิบัติการ', 15500.00, 0, '2008-09-01', '2008-09-01', 'K1', 'นิติกร',
  '2043-09-30', 'ข้าราชการ', '512302', 'กรมสอบสวนคดีพิเศษ', NULL, NULL),

(7,  '1100100000007', 'นาย',    'อนุชา',    'พัฒนา',       'ชาย',   '1979-04-30', '2004-07-01', 7, 3, 'K2', 30000.00, 1,
  NULL, 'วิชาการ', 'ชำนาญการ', 24000.00, 0, '2016-10-01', '2014-07-01', 'K1', 'นิติกร',
  '2039-09-30', 'ข้าราชการ', '512302', 'กรมสอบสวนคดีพิเศษ', NULL, NULL),

(8,  '1100100000008', 'นางสาว', 'กาญจนา',  'รุ่งเรือง',    'หญิง',  '1986-12-25', '2012-01-01', 4, 4, 'O1', 15000.00, 1,
  NULL, 'ทั่วไป', 'ปฏิบัติงาน', 12000.00, 0, '2012-01-01', '2012-01-01', 'O1', 'เจ้าพนักงานธุรการ',
  '2046-09-30', 'ข้าราชการ', '511612', 'กรมคุมประพฤติ', NULL, NULL),

(9,  '1100100000009', 'นาย',    'ธนากร',    'เจริญสุข',    'ชาย',   '1981-08-14', '2006-05-01', 8, 4, 'K1', 22000.00, 1,
  NULL, 'วิชาการ', 'ปฏิบัติการ', 17000.00, 0, '2006-05-01', '2006-05-01', 'K1', 'นักทรัพยากรบุคคล',
  '2041-09-30', 'ข้าราชการ', '512403', 'กรมคุมประพฤติ', NULL, NULL),

(10, '1100100000010', 'นาง',    'รัตนา',    'ศรีสุข',      'หญิง',  '1977-02-28', '2002-11-01', 9, 5, 'K2', 32000.00, 1,
  NULL, 'วิชาการ', 'ชำนาญการ', 26000.00, 0, '2017-05-01', '2013-11-01', 'K1', 'นักทรัพยากรบุคคล',
  '2037-09-30', 'ข้าราชการ', '512403', 'กรมพินิจและคุ้มครองเด็กและเยาวชน', NULL, NULL),

(11, '1100100000011', 'นาย',    'ศักดิ์ชัย', 'วงศ์ดี',     'ชาย',   '1984-05-12', '2009-08-01', 1, 1, 'K1', 19000.00, 1,
  NULL, 'วิชาการ', 'ปฏิบัติการ', 15000.00, 0, '2009-08-01', '2009-08-01', 'K1', 'นักวิเคราะห์นโยบายและแผน',
  '2044-09-30', 'ข้าราชการ', '512403', 'ราชการส่วนกลาง', NULL, NULL),

(12, '1100100000012', 'นางสาว', 'นภา',      'แจ่มใส',      'หญิง',  '1988-10-08', '2014-03-01', 4, 2, 'O1', 14000.00, 1,
  NULL, 'ทั่วไป', 'ปฏิบัติงาน', 11000.00, 0, '2014-03-01', '2014-03-01', 'O1', 'เจ้าพนักงานธุรการ',
  '2048-09-30', 'ข้าราชการ', '511612', 'กรมราชทัณฑ์', NULL, NULL),

-- *** บุคลากรที่มีสิทธิ์ รจพ. (25+ ปี) ***
(13, '1100100000013', 'นาย',    'ภาคิน',    'สมบูรณ์',     'ชาย',   '1976-07-19', '2001-06-01', 3, 3, 'K3', 38000.00, 1,
  NULL, 'วิชาการ', 'ชำนาญการพิเศษ', 31000.00, 3500, '2019-06-01', '2016-06-01', 'K1', 'นักวิเคราะห์นโยบายและแผน',
  '2036-09-30', 'ข้าราชการ', '512403', 'กรมสอบสวนคดีพิเศษ', NULL, NULL),

(14, '1100100000014', 'นาง',    'อรุณี',    'พิทักษ์',     'หญิง',  '1980-01-03', '2005-02-01', 2, 4, 'K2', 27000.00, 1,
  NULL, 'วิชาการ', 'ชำนาญการ', 21000.00, 0, '2018-02-01', '2015-02-01', 'K1', 'นักวิเคราะห์นโยบายและแผน',
  '2040-09-30', 'ข้าราชการ', '512403', 'กรมคุมประพฤติ', NULL, NULL),

-- *** บุคลากร 25+ ปี ที่ถูกลงโทษวินัย (ชะลอ รจพ.) ***
(15, '1100100000015', 'นาย',    'กิตติ',    'สันติสุข',    'ชาย',   '1974-03-25', '1999-10-01', 10, 5, 'K3', 45000.00, 1,
  NULL, 'วิชาการ', 'ชำนาญการพิเศษ', 38000.00, 3500, '2017-10-01', '2012-10-01', 'K1', 'นักทรัพยากรบุคคล',
  '2034-09-30', 'ข้าราชการ', '512403', 'กรมพินิจและคุ้มครองเด็กและเยาวชน',
  'ตัดเงินเดือน 5%', 'ถูกลงโทษตัดเงินเดือน 5% ตาม ธ. ที่ 173/2563 ลว. 26 ต.ค. 2563');

-- ผู้ใช้ระบบ
INSERT INTO users (user_id, email, password, name, role) VALUES
(1, 'admin@decoration.moj.go.th',    '$2y$10$dummyhashforadmin',       'ผู้ดูแลระบบ',            'admin'),
(2, 'hr_ministry@decoration.moj.go.th', '$2y$10$dummyhashforhr',      'เจ้าหน้าที่ระดับกระทรวง', 'hr_ministry'),
(3, 'hr_dept@decoration.moj.go.th',  '$2y$10$dummyhashfordept',       'เจ้าหน้าที่ระดับกรม',     'hr_department');

-- ดิเรกคุณาภรณ์ — อาสาสมัครจำลอง
INSERT INTO direk_persons (person_id, citizen_id, prefix, first_name, last_name, gender, birth_date, phone, volunteer_type, volunteer_dept, volunteer_since, is_active) VALUES
(1, '3100100000001', 'นาย',    'ทวีศักดิ์', 'มหาเศรษฐี', 'ชาย',  '1960-05-10', '081-111-1111', 'อาสาสมัครคุมประพฤติ', 'กรมคุมประพฤติ',                    '2010-01-01', 1),
(2, '3100100000002', 'นาง',    'วิไล',      'ใจบุญ',     'หญิง', '1965-08-20', '082-222-2222', 'อาสาสมัครคุมประพฤติ', 'กรมคุมประพฤติ',                    '2008-06-15', 1),
(3, '3100100000003', 'นาย',    'ชัยวัฒน์',  'บริจาคดี',  'ชาย',  '1970-12-01', '083-333-3333', 'อาสาสมัครพินิจ',     'กรมพินิจและคุ้มครองเด็กและเยาวชน', '2015-03-01', 1);

-- คำขอจำลอง — ช้างเผือก-มงกุฎไทย (พร้อม snapshot)
INSERT INTO decoration_changpuak_requests (
  personnel_id, request_year, current_level_abbr, requested_level_abbr,
  decoration_type, pos_level, salary, years_in_level, status, submitted_by,
  salary_5y_at_request, position_allowance_at_request, position_type_at_request, position_name_at_request,
  eligibility_passed, thabanandorn_status, eligibility_right
) VALUES
(1, 2569, 'ต.ช.', 'ท.ม.', 'มงกุฎไทย', 'K2', 25000, 5.0, 'submitted', 1,
  18500.00, 0, 'วิชาการ', 'ชำนาญการ', 1, 'ผ่าน', 'มีสิทธิ'),
(5, 2569, 'ท.ม.', 'ท.ช.', 'ช้างเผือก', 'K3', 42000, 8.0, 'screening', 1,
  35000.00, 3500, 'วิชาการ', 'ชำนาญการพิเศษ', 1, 'ผ่าน', 'มีสิทธิ'),
(2, 2569, 'ท.ช.', 'ป.ม.', 'มงกุฎไทย', 'K3', 35000, 6.0, 'approved', 1,
  28000.00, 3500, 'วิชาการ', 'ชำนาญการพิเศษ', 1, 'ผ่าน', 'มีสิทธิ'),
(7, 2569, NULL,   'ต.ม.', 'มงกุฎไทย', 'K2', 30000, 5.0, 'draft', 2,
  24000.00, 0, 'วิชาการ', 'ชำนาญการ', NULL, NULL, NULL);

-- คำขอจำลอง — ดิเรกคุณาภรณ์
INSERT INTO direk_requests (person_id, request_year, requested_level, current_level, request_type, donation_amount, donation_purpose, status, submitted_dept) VALUES
(1, 2569, 6, NULL, 'บริจาค', 200000, 'สาธารณสุข', 'submitted', 'กรมคุมประพฤติ'),
(3, 2569, 7, NULL, 'บริจาค', 100000, 'การศึกษา',  'draft',     'กรมพินิจฯ');

-- คำขอจำลอง — เหรียญจักรพรรดิมาลา (พร้อมคอลัมน์ใหม่)
INSERT INTO chakrabardi_requests (
  personnel_id, request_year, service_start_date, service_years, is_eligible, status, submitted_by,
  service_months, service_days, completion_25y_date, retirement_date, submit_date
) VALUES
(5,  2569, '2000-03-01', 26.0, 1, 'submitted', 1,   0, 0, '2025-03-01', '2035-09-30', '2026-01-15'),
(15, 2569, '1999-10-01', 27.0, 1, 'approved',  1,   0, 0, '2024-10-01', '2034-09-30', '2026-01-15'),
(4,  2569, '2003-01-15', 23.2, 0, 'rejected',  1,   2, 15, '2028-01-15', '2038-09-30', '2026-01-15');

-- คำขอชะลอ — กิตติ (ถูกวินัย)
INSERT INTO chakrabardi_requests (
  personnel_id, request_year, service_start_date, service_years, is_eligible, status,
  service_months, service_days, completion_25y_date, retirement_date,
  deferral_reason, deferral_year, has_discipline_detail, remarks, submit_date
) VALUES
(15, 2568, '1999-10-01', 26.0, 1, 'draft', 0, 0, '2024-10-01', '2034-09-30',
  'ถูกลงโทษวินัย ตัดเงินเดือน 5% ตาม ธ. ที่ 173/2563 ลว. 26 ต.ค. 2563',
  2568, 1, 'ชะลอการเสนอขอจนกว่าจะพ้นโทษ', NULL);

-- ประวัติได้รับ รจพ.
INSERT INTO chakrabardi_history (personnel_id, award_year, award_date, gazette_ref, submit_date, remarks) VALUES
(5,  2558, '2015-12-05', 'ราชกิจจาฯ เล่ม 133', '2015-01-20', NULL),
(13, 2560, '2017-12-05', 'ราชกิจจาฯ เล่ม 135', '2017-02-01', NULL);

-- ประวัติเครื่องราชฯ ช้างเผือก-มงกุฎไทย (sample)
INSERT INTO decoration_changpuak_history (personnel_id, level_abbr, decoration_type, award_date, award_year) VALUES
(1, 'ต.ม.', 'มงกุฎไทย', '2015-12-05', 2558),
(1, 'ต.ช.', 'ช้างเผือก', '2018-07-28', 2561),
(2, 'ต.ม.', 'มงกุฎไทย', '2013-12-05', 2556),
(2, 'ต.ช.', 'ช้างเผือก', '2016-07-28', 2559),
(2, 'ท.ม.', 'มงกุฎไทย', '2018-07-28', 2561),
(2, 'ท.ช.', 'ช้างเผือก', '2020-07-28', 2563),
(5, 'ต.ม.', 'มงกุฎไทย', '2008-12-05', 2551),
(5, 'ต.ช.', 'ช้างเผือก', '2011-12-05', 2554),
(5, 'ท.ม.', 'มงกุฎไทย', '2014-12-05', 2557),
(7, 'ต.ม.', 'มงกุฎไทย', '2012-12-05', 2555);

-- รอบเสนอขอ
INSERT INTO request_rounds (round_name, round_year, decoration_type, open_date, close_date, status) VALUES
('รอบ 5 ธ.ค. 2569 (ช้างเผือก-มงกุฎไทย)', 2569, 'changpuak',  '2569-01-15', '2569-03-31', 'open'),
('รอบ 5 ธ.ค. 2569 (ดิเรกคุณาภรณ์)',      2569, 'direk',      '2569-01-15', '2569-04-30', 'open'),
('รอบ 5 ธ.ค. 2569 (เหรียญจักรพรรดิมาลา)', 2569, 'chakrabardi', '2569-02-01', '2569-03-31', 'open');
